Visual,Auditory,Kinesthetic,Recorded Lectures,Instant Messaging,Video Calls,Clarify Concepts,Improve Grades,Prepare for Exams,Career Guidance,1-2 hours,3-5 hours,6+ hours,1-3 years,4-6 years,7+ years,AIML,Web Dev,App Dev,Slow and Detailed,Moderate,Fast-paced,Explaining with Examples,Interactive Discussions,Problem-solving Exercises,Yes,No,Adapting to Different Learning Styles,Time Management,Maintaining Student Engagement,Enthusiastic Learner,Self-motivated,Willingness to Ask Questions,
1,0,0,1,0,1,1,1,1,1,1,0,0,1,0,0,0,1,0,0,1,0,0,1,1,0,1,0,1,0,1,1,1,1
0,1,0,0,1,0,0,1,0,1,0,1,0,0,1,0,0,0,1,0,0,1,0,1,1,0,1,0,1,0,0,1,1,1
0,0,1,0,0,0,1,0,1,0,0,0,1,0,0,0,1,0,0,0,1,0,1,0,1,1,0,1,0,0,1,0,1,0
1,0,0,1,0,1,0,0,1,1,0,0,1,1,0,1,0,0,1,1,0,0,0,1,0,0,1,0,1,0,1,0,1,1
0,1,0,0,0,0,1,1,1,0,1,0,0,1,0,0,1,0,0,1,1,0,1,0,1,1,0,1,0,0,1,1,0,1
0,0,1,0,1,1,0,0,1,0,0,1,0,1,0,0,0,1,0,0,0,1,0,1,0,0,1,0,1,0,1,1,0,1
1,0,0,1,0,0,0,1,0,0,1,1,0,0,0,1,0,1,0,0,1,0,1,0,0,1,0,1,0,1,0,1,1,1
0,1,0,0,1,0,1,0,1,0,1,1,1,1,0,0,1,0,1,1,0,0,0,1,1,0,1,0,0,1,1,0,0,1
1,0,0,1,0,1,0,1,1,0,0,1,1,0,0,1,1,0,1,0,1,1,0,1,0,0,1,1,0,1,0,1,1,1
1,0,0,1,0,1,1,1,1,1,1,0,0,1,0,0,0,1,0,0,1,0,0,1,1,0,1,0,1,0,1,1,1,1
0,1,0,0,1,0,0,1,0,1,0,1,0,0,1,0,0,0,1,0,0,1,0,1,1,0,1,0,1,0,0,1,1,1
0,0,1,0,0,0,1,0,1,0,0,0,1,0,0,0,1,0,0,0,1,0,1,0,1,1,0,1,0,0,1,0,1,0
1,0,0,1,0,1,0,0,1,1,0,0,1,1,0,1,0,0,1,1,0,0,0,1,0,0,1,0,1,0,1,0,1,1
0,1,0,0,0,0,1,1,1,0,1,0,0,1,0,0,1,0,0,1,1,0,1,0,1,1,0,1,0,0,1,1,0,1
0,0,1,0,1,1,0,0,1,0,0,1,0,1,0,0,0,1,0,0,0,1,0,1,0,0,1,0,1,0,1,1,0,1
1,0,0,1,0,0,0,1,0,0,1,1,0,0,0,1,0,1,0,0,1,0,1,0,0,1,0,1,0,1,0,1,1,1
0,1,0,0,1,0,1,0,1,0,1,1,1,1,0,0,1,0,1,1,0,0,0,1,1,0,1,0,0,1,1,0,0,1